transaction_id,date,category,amount,merchant,payment_method,description
tx_101,2024-03-01,Rent,1200.00,Avalon Bay Properties,Bank Transfer,"Monthly Apartment Rent"
tx_102,2024-03-02,Groceries,64.20,Trader Joe's,Debit Card,"Weekly fresh produce and pantry"
tx_103,2024-03-03,Dining Out,14.50,Chipotle,Credit Card,"Burrito bowl lunch"
tx_104,2024-03-04,Coffee,5.75,Starbucks,Credit Card,"Iced Caramel Macchiato"
tx_105,2024-03-05,Utilities,85.40,ConEdison Electric,Bank Transfer,"Electric and gas utility bill"
tx_106,2024-03-06,Transportation,45.00,Shell Gas Station,Credit Card,"Fuel tank fill-up"
tx_107,2024-03-07,Dining Out,28.30,Panera Bread,Credit Card,"Lunch with coworker"
tx_108,2024-03-08,Entertainment,15.99,Netflix,Credit Card,"Monthly streaming subscription"
tx_109,2024-03-09,Groceries,82.15,Whole Foods,Debit Card,"Groceries and snacks"
tx_110,2024-03-10,Dining Out,145.00,Le Petit Bistro,Credit Card,"Weekend dinner with friends (overspending alert)"
tx_111,2024-03-11,Coffee,6.20,Starbucks,Credit Card,"Latte and croissant"
tx_112,2024-03-12,Health & Wellness,50.00,Equinox Fitness,Credit Card,"Monthly gym membership"
tx_113,2024-03-13,Shopping,42.50,Amazon,Credit Card,"Desk organizer and stationery"
tx_114,2024-03-14,Groceries,41.90,Trader Joe's,Debit Card,"Mid-week grocery restock"
tx_115,2024-03-15,Dining Out,22.40,Shake Shack,Credit Card,"Burger and fries combo"
tx_116,2024-03-16,Transportation,18.50,Uber,Credit Card,"Ride to downtown meeting"
tx_117,2024-03-17,Utilities,65.00,Verizon Wireless,Bank Transfer,"Mobile phone plan"
tx_118,2024-03-18,Shopping,289.99,Apple Store,Credit Card,"AirPods Pro purchase (high-value discretionary)"
tx_119,2024-03-19,Coffee,4.80,Local Cafe,Debit Card,"Espresso shot"
tx_120,2024-03-20,Groceries,94.60,Costco,Debit Card,"Bulk groceries and essentials"
tx_121,2024-03-21,Dining Out,31.75,Thai Basil,Credit Card,"Dinner delivery"
tx_122,2024-03-22,Entertainment,24.00,AMC Theatres,Credit Card,"Movie tickets"
tx_123,2024-03-23,Shopping,65.00,Zara,Credit Card,"Casual apparel"
tx_124,2024-03-24,Coffee,5.50,Starbucks,Credit Card,"Cold brew coffee"
tx_125,2024-03-25,Groceries,55.30,Trader Joe's,Debit Card,"Weekly groceries"
tx_126,2024-03-26,Dining Out,18.90,Sweetgreen,Credit Card,"Salad bowl"
tx_127,2024-03-27,Transportation,42.00,Shell Gas Station,Credit Card,"Gas refill"
tx_128,2024-03-28,Utilities,55.00,Spectrum Internet,Bank Transfer,"High speed internet"
tx_129,2024-03-29,Shopping,180.00,Nike Store,Credit Card,"Running shoes impulse purchase"
tx_130,2024-03-30,Dining Out,48.00,Italian Trattoria,Credit Card,"Family pizza dinner"
tx_131,2024-04-01,Rent,1200.00,Avalon Bay Properties,Bank Transfer,"Monthly Apartment Rent"
tx_132,2024-04-02,Groceries,72.40,Trader Joe's,Debit Card,"Produce and pantry essentials"
tx_133,2024-04-03,Coffee,6.10,Blue Bottle,Credit Card,"Single origin pour over"
tx_134,2024-04-04,Dining Out,16.80,Chipotle,Credit Card,"Burrito lunch"
tx_135,2024-04-06,Transportation,48.00,Shell Gas Station,Credit Card,"Gas refill"
tx_136,2024-04-07,Utilities,88.20,ConEdison Electric,Bank Transfer,"Electric utility bill"
tx_137,2024-04-09,Shopping,34.00,Target,Credit Card,"Household cleaning supplies"
tx_138,2024-04-10,Entertainment,12.99,Spotify,Credit Card,"Music subscription"
tx_139,2024-04-12,Dining Out,110.00,Steakhouse 44,Credit Card,"Celebration dinner (overspending spike)"
tx_140,2024-04-14,Groceries,88.90,Whole Foods,Debit Card,"Weekly organic groceries"
tx_141,2024-04-16,Health & Wellness,32.00,CVS Pharmacy,Debit Card,"Vitamins and medication"
tx_142,2024-04-18,Travel,320.00,Delta Airlines,Credit Card,"Weekend trip flight ticket"
tx_143,2024-04-20,Coffee,5.25,Starbucks,Credit Card,"Pike Place roast"
tx_144,2024-04-22,Dining Out,26.50,Noodle Bar,Credit Card,"Ramen bowl dinner"
tx_145,2024-04-25,Groceries,61.20,Trader Joe's,Debit Card,"Snacks and vegetables"
